Price,brand,processor_brand,processor_name,processor_gnrtn,ram_gb,ram_type,ssd,hdd,os,os_bit,graphic_card_gb,Touchscreen,rating
34649,0,0,0,0,0,0,0,0,0,0,0,0,0
38999,1,0,0,0,0,0,0,0,0,0,0,0,1
39999,1,0,0,0,0,0,0,0,0,0,0,0,1
69990,0,0,1,0,1,0,1,1,0,1,1,0,1
26990,0,0,2,1,0,0,0,2,0,0,0,0,1
22990,0,0,2,1,0,0,0,2,0,0,0,0,1
21990,0,0,2,1,0,0,0,2,0,1,0,0,1
58799,0,0,1,0,1,0,0,0,0,1,1,0,1
49999,1,0,1,0,0,0,0,0,0,1,0,0,1
59990,2,1,3,0,0,0,0,2,0,1,2,0,2
93700,2,1,3,0,0,0,0,2,0,1,3,0,2
72990,2,1,3,0,0,0,0,2,0,1,2,0,2
17490,3,0,2,1,0,0,0,2,0,0,0,0,1
35990,0,0,0,2,0,0,2,1,0,0,0,0,1
56490,4,0,0,2,1,0,2,1,0,0,0,1,1
65390,4,0,1,2,1,0,2,1,0,0,0,0,1
31999,1,0,2,1,0,0,2,1,0,0,0,0,2
32490,4,0,2,1,1,0,2,1,0,0,0,0,2
31799,1,0,2,1,0,0,2,1,0,0,0,0,1
29890,0,0,2,1,0,0,2,1,0,0,0,0,2
23990,0,0,2,1,0,0,0,0,0,0,0,0,1
32955,4,0,0,3,0,0,0,0,0,0,0,0,2
46200,4,0,1,3,0,0,0,0,0,1,1,0,2
34429,0,0,0,2,0,0,2,1,0,0,0,0,2
37990,1,0,0,0,1,0,2,1,0,1,0,0,2
35990,0,0,0,2,0,0,2,1,0,1,0,0,2
33980,0,0,0,0,1,0,2,1,0,0,0,0,2
39990,4,0,0,2,1,0,2,1,0,0,0,0,2
39490,5,0,0,0,1,0,2,1,0,0,0,0,2
53990,4,0,0,2,1,0,2,1,0,0,0,1,2
38990,2,0,0,2,1,0,2,1,0,0,0,0,1
37990,0,0,0,2,1,0,2,1,0,0,0,0,2
37890,0,0,0,2,1,0,2,1,0,0,0,0,2
38990,1,0,0,2,1,0,2,1,0,0,0,0,2
37990,1,0,0,0,1,0,2,1,0,0,0,0,2
41990,5,0,0,2,1,0,2,1,0,0,0,0,1
45990,0,0,0,2,1,0,2,1,0,0,0,0,2
39990,1,0,0,2,1,0,2,1,0,0,0,0,2
42490,5,0,0,2,1,0,2,1,0,0,0,0,2
36990,5,0,0,0,0,0,2,1,0,0,0,0,2
53990,1,0,0,2,1,0,2,1,0,0,0,1,2
36990,0,0,0,2,1,0,2,1,0,0,0,0,2
38940,1,0,0,0,0,0,2,1,0,0,0,0,2
39490,5,0,0,0,0,0,2,1,0,0,0,0,2
39999,1,0,0,0,1,0,2,1,0,0,0,0,3
42990,5,0,0,2,1,0,2,1,0,0,0,0,2
49990,5,0,0,2,1,0,2,1,0,0,0,1,2
41490,5,0,0,2,1,0,2,1,0,0,0,0,2
41990,5,0,0,2,1,0,2,1,0,0,0,0,2
41990,1,0,0,2,1,0,2,1,0,0,0,0,2
38490,0,0,0,2,1,0,2,1,0,0,0,0,1
38990,1,0,0,2,0,0,2,1,0,0,0,0,2
44990,1,0,0,2,0,0,2,1,0,0,0,0,2
36490,1,0,0,0,0,0,2,1,0,0,0,0,1
38970,1,0,0,0,1,0,2,1,0,1,0,0,1
44900,4,0,0,2,0,0,2,1,0,0,0,0,2
38990,6,0,0,0,0,0,2,1,0,0,0,0,2
44427,5,0,0,2,0,0,2,1,0,0,0,0,1
35990,0,0,0,0,0,0,2,1,0,0,0,0,1
40200,1,0,0,0,0,0,2,1,0,0,0,0,1
40990,1,0,0,0,0,0,2,1,0,1,0,0,1
42490,5,0,0,0,0,0,2,1,0,0,0,0,1
23990,2,0,2,1,0,0,0,2,0,1,0,0,1
71999,5,0,0,2,0,0,2,1,0,0,0,1,2
39990,0,0,0,2,0,0,2,1,0,0,0,0,2
41998,1,0,0,0,0,0,2,1,0,0,0,0,2
41990,0,0,0,2,0,0,2,1,0,1,0,0,1
39999,1,0,0,0,0,0,2,1,0,0,0,0,1
39990,0,0,0,0,0,0,2,1,0,1,0,0,1
39998,1,0,0,2,0,0,2,1,0,0,0,0,2
42490,4,0,0,2,0,0,2,1,0,0,0,0,2
41990,1,0,0,0,0,0,2,1,0,1,0,0,1
48490,0,0,0,2,0,0,2,1,0,1,0,0,1
44376,4,0,0,2,0,0,2,1,0,0,0,0,2
43900,5,0,0,2,0,0,2,1,0,1,0,0,1
46690,5,0,0,2,0,0,2,1,0,0,0,0,1
40990,1,0,0,0,0,0,2,1,0,1,0,0,3
39990,5,0,0,0,0,0,2,1,0,0,0,0,2
43990,1,0,0,2,0,0,2,1,0,0,0,0,1
36990,0,0,0,2,0,0,2,1,0,0,0,0,2
48500,5,0,0,2,1,0,2,1,0,0,0,0,1
48990,0,0,0,2,1,0,2,1,0,0,0,0,1
23490,0,0,2,1,0,1,0,2,0,1,0,0,2
54238,4,0,0,4,0,0,2,1,0,0,0,1,2
37990,0,0,0,0,1,0,1,1,0,0,0,0,2
42990,4,0,0,2,1,0,1,1,0,0,0,0,2
42990,4,0,0,2,1,0,1,1,0,0,0,0,2
35990,0,0,0,0,0,0,1,1,0,0,0,0,2
42990,0,0,0,2,1,0,1,1,0,0,0,0,2
51990,0,0,0,2,1,2,1,1,0,1,0,1,2
48990,0,0,0,2,1,0,1,1,0,0,0,0,2
42990,0,0,0,2,1,0,1,1,0,0,0,0,2
38990,1,0,0,0,1,0,1,1,0,0,0,0,1
45990,5,0,0,2,1,0,1,1,0,0,0,0,2
42490,4,0,0,0,1,0,1,1,0,0,0,0,2
43970,4,0,0,2,1,0,1,1,0,0,0,0,2
39990,0,0,0,0,0,0,1,1,0,0,0,0,2
48990,6,0,0,2,1,0,1,1,0,0,0,0,2
54990,4,0,0,2,1,0,1,1,0,0,0,0,2
40990,6,0,0,0,1,0,1,1,0,0,0,0,2
41990,0,0,0,2,1,0,1,1,0,0,0,0,1
54990,1,0,0,2,1,0,1,1,0,0,0,1,2
44990,0,0,0,2,1,0,1,1,0,0,0,0,2
41250,4,0,0,2,1,0,1,1,0,0,0,0,2
44990,4,0,0,2,1,0,1,1,0,0,0,0,1
42990,0,0,0,2,1,0,1,1,0,0,0,0,2
60790,5,0,0,2,1,0,1,1,0,0,0,1,2
45650,4,0,0,2,1,0,1,1,0,0,0,0,2
41990,5,0,0,0,1,0,1,1,0,0,0,0,1
45490,5,0,0,0,1,0,1,1,0,0,0,0,2
44990,0,0,0,2,1,0,1,1,0,0,0,0,1
42990,1,0,0,2,1,0,1,1,0,0,0,0,2
45490,4,0,0,2,0,0,1,1,0,0,0,0,2
38799,4,0,0,0,0,0,1,1,0,1,0,0,2
69267,4,0,0,2,0,0,1,1,0,0,0,1,1
51649,0,0,0,2,0,0,1,1,0,0,0,0,1
47990,4,0,0,2,0,0,1,1,0,0,0,0,2
40990,0,0,0,0,0,0,1,1,0,0,0,0,2
42990,0,0,0,0,0,0,1,1,0,0,0,0,2
44890,0,0,0,2,0,0,1,1,0,0,0,0,1
41490,0,0,0,0,0,0,1,1,0,0,0,0,2
50990,4,0,0,2,0,0,1,1,0,1,0,0,1
48900,4,0,0,2,0,0,1,1,0,0,0,0,2
41790,5,0,0,0,0,0,1,1,0,0,0,0,1
57999,1,0,0,2,0,0,1,1,0,0,0,1,1
45930,5,0,0,2,1,0,1,1,0,0,0,0,1
55490,4,0,0,2,1,0,1,1,0,0,0,1,2
32890,0,0,0,0,1,0,0,0,0,0,0,0,1
35990,1,0,0,0,1,0,0,0,0,0,0,0,2
42490,5,0,0,2,1,0,0,0,0,0,0,0,2
42190,5,0,0,2,1,0,0,0,0,0,0,0,1
39490,5,0,0,0,1,0,0,0,0,0,0,0,2
43690,4,0,0,2,1,0,0,0,0,0,0,0,2
35990,0,0,0,0,0,0,0,0,0,0,0,0,1
43800,5,0,0,2,1,0,0,0,0,1,0,0,2
38990,1,0,0,0,1,0,0,0,0,1,0,0,1
34990,0,0,0,0,0,0,0,0,0,0,0,0,1
38900,0,0,0,2,1,0,0,0,0,0,0,0,1
39990,5,0,0,0,0,0,0,0,0,0,0,0,1
40890,5,0,0,0,0,0,0,0,0,1,0,0,2
36990,1,0,0,0,0,0,0,0,0,0,0,0,1
39990,4,0,0,2,0,0,0,0,0,0,0,0,1
41990,4,0,0,2,0,0,0,0,0,0,0,0,2
43970,5,0,0,2,0,0,0,0,0,1,0,0,1
39790,4,0,0,2,0,0,0,0,0,0,0,0,1
35590,0,0,0,0,0,0,0,0,0,1,0,0,1
36490,4,0,0,0,0,0,0,0,0,0,0,0,1
38990,0,0,0,0,0,0,0,0,0,0,0,0,2
33990,0,0,0,0,0,0,0,0,0,1,0,0,1
43400,5,0,0,0,0,0,0,0,0,0,0,0,2
24990,0,0,2,1,0,1,0,2,0,1,0,0,2
40750,4,0,0,0,0,0,0,0,0,0,0,0,2
43000,5,0,0,0,0,0,0,0,0,0,0,0,2
38000,0,0,0,0,0,0,0,0,0,0,0,0,2
37990,5,0,0,2,1,0,0,0,0,0,0,0,1
49279,4,0,0,3,1,0,0,0,0,0,1,0,2
38999,1,0,0,0,1,0,0,0,0,1,0,0,1
41500,0,0,0,2,1,0,0,0,0,1,0,0,1
36999,2,0,0,2,0,0,0,0,0,1,0,0,1
42900,5,0,0,2,1,0,0,0,0,1,0,0,1
21490,0,0,2,1,0,1,0,2,0,1,0,0,1
41480,5,0,0,2,1,0,0,0,0,1,0,0,1
32990,0,0,0,0,1,0,0,0,0,0,0,0,0
38680,0,0,0,2,1,0,0,0,0,0,0,0,1
23990,0,0,2,1,0,1,0,2,0,1,0,0,2
40390,5,0,0,0,1,0,0,0,0,0,0,0,1
33990,0,0,0,0,0,0,0,0,0,0,0,0,1
20490,0,0,2,1,0,1,0,2,0,1,0,0,1
41490,5,0,0,0,1,0,2,0,0,0,0,0,3
45490,5,0,0,2,1,0,2,0,0,0,0,0,2
44490,5,0,0,2,1,0,2,0,0,0,0,0,2
41890,0,0,0,2,1,0,2,0,0,0,0,0,2
42990,5,0,0,2,0,0,2,0,0,0,0,0,2
40990,2,0,0,2,1,0,2,0,0,0,0,0,2
48990,5,0,0,2,1,0,2,0,0,0,0,0,2
43590,5,0,0,2,0,0,2,0,0,0,0,0,1
44690,5,0,0,0,0,0,2,0,0,0,0,0,2
40990,0,0,0,0,0,0,2,0,0,0,0,0,1
43990,5,0,0,2,0,0,2,0,0,0,0,0,1
41390,5,0,0,0,0,0,2,0,0,0,0,0,2
44290,5,0,0,0,0,0,2,0,0,0,0,0,1
48999,5,0,0,2,0,0,2,0,0,0,0,0,1
39990,5,0,0,2,0,0,2,0,0,0,0,0,1
46390,5,0,0,0,1,0,2,0,0,0,0,0,0
18990,0,0,2,1,0,1,0,2,0,0,0,0,1
17990,0,0,2,1,0,1,0,2,0,1,0,0,1
26470,4,0,2,1,0,0,0,2,0,0,0,0,1
27990,4,0,2,1,0,0,0,2,0,0,0,0,1
29999,1,0,2,1,0,0,0,0,0,1,0,0,1
25990,1,0,2,1,0,2,0,2,0,0,0,0,1
16990,1,0,2,1,0,1,0,2,0,1,0,0,1
24990,1,0,2,1,0,1,0,2,0,1,0,0,0
50990,2,0,1,1,1,3,0,2,0,1,2,0,2
119990,2,0,1,1,1,1,0,2,0,1,0,0,2
94190,2,0,1,0,1,1,0,2,1,1,0,0,2
106167,0,0,1,0,1,1,0,2,1,1,2,0,2
68090,5,0,1,0,1,1,0,2,1,1,2,0,4
139990,5,0,1,0,1,1,0,2,1,1,0,0,1
55990,4,0,1,0,1,1,0,2,1,1,0,0,2
102551,4,0,1,0,1,1,0,2,1,1,2,0,1
46990,1,0,1,0,1,1,0,2,1,1,1,0,2
76012,4,0,1,4,1,0,3,1,0,0,0,0,2
49490,1,0,1,2,1,0,2,1,0,0,0,0,2
86867,2,0,1,3,1,4,2,1,0,0,0,0,2
48990,0,0,1,2,1,0,2,1,0,0,0,0,1
55990,5,0,1,2,1,0,2,1,0,0,0,0,1
81998,2,0,1,4,1,4,2,1,0,0,0,1,2
136590,4,0,1,4,1,0,2,1,0,0,0,1,1
59490,2,0,1,4,1,0,2,1,0,0,0,0,1
49800,0,0,1,2,1,0,2,1,0,0,0,0,1
61999,1,0,1,2,1,0,2,1,0,0,0,0,0
54990,4,0,1,2,1,0,1,1,0,0,0,0,2
53990,4,0,1,2,1,0,1,1,0,0,0,0,2
52990,1,0,1,2,1,0,1,1,0,0,0,0,2
67990,4,0,1,2,2,0,1,1,0,0,0,0,2
57990,0,0,1,0,1,0,1,1,0,0,2,0,2
62300,1,0,1,2,2,0,1,1,0,0,0,0,2
52990,1,0,1,2,1,0,1,1,0,0,0,0,1
51990,1,0,1,2,1,0,1,1,0,0,0,0,2
61990,1,0,1,2,2,0,1,1,0,0,0,0,2
63990,0,0,1,2,1,2,1,1,0,1,0,1,2
65990,1,0,1,2,1,0,1,1,0,0,0,0,2
52990,2,0,1,2,1,0,1,1,0,0,0,0,2
49990,1,0,1,0,1,0,1,1,0,0,0,0,1
71990,0,0,1,2,1,0,1,1,0,0,2,0,2
47990,0,0,1,0,1,0,1,1,0,0,0,0,2
48490,1,0,1,0,1,0,1,1,0,1,0,0,2
72990,0,0,1,2,1,0,1,1,0,0,2,0,2
76990,6,0,1,2,2,0,1,1,0,0,2,0,2
89990,0,0,1,2,2,0,1,1,0,0,3,0,2
59990,6,0,1,0,1,0,1,1,0,0,2,0,2
65990,0,0,1,0,1,0,1,1,0,0,2,0,2
71990,5,0,1,2,1,0,1,1,0,0,0,1,2
71890,5,0,1,2,1,0,1,1,0,0,0,1,2
64990,1,0,1,2,2,0,1,1,0,0,0,0,1
65990,0,0,1,2,2,0,1,1,0,0,0,0,1
55999,4,0,1,2,1,0,1,1,0,0,0,0,2
73490,0,0,1,2,2,0,1,1,0,0,2,0,2
74490,4,0,1,2,2,0,1,1,0,0,0,0,2
58340,4,0,1,2,1,0,1,1,0,0,0,0,2
55999,2,0,1,2,1,0,1,1,0,0,0,0,2
67990,5,0,1,2,2,0,1,1,0,0,0,0,2
59990,0,0,1,2,2,0,1,1,0,0,0,0,2
82990,0,0,1,2,2,0,1,1,0,0,3,0,2
64190,5,0,1,2,1,0,1,1,0,0,1,0,1
70090,5,0,1,2,2,0,1,1,0,0,0,0,2
49990,0,0,1,0,1,0,1,1,0,0,1,0,2
55490,6,0,1,2,1,0,1,1,0,0,0,0,1
97990,4,0,1,2,1,2,1,1,0,0,0,1,3
54990,0,0,1,5,1,0,1,1,0,0,2,0,2
59990,1,0,1,2,1,0,1,1,0,0,0,0,2
53990,1,0,1,2,1,0,1,1,0,0,0,0,2
66999,4,0,1,2,2,0,1,1,0,0,0,0,2
60990,2,0,1,2,1,2,1,1,0,0,0,0,2
47990,0,0,1,0,1,0,1,1,0,0,0,0,2
59999,4,0,1,2,1,0,1,1,0,1,0,0,2
79990,5,0,1,0,2,0,1,1,0,0,2,0,1
63990,0,0,1,0,1,0,1,1,0,0,2,0,1
63990,4,0,1,2,1,0,1,1,0,0,0,0,2
59990,0,0,1,2,2,0,1,1,0,0,0,0,1
55990,1,0,1,2,1,0,1,1,0,0,0,0,1
63990,4,0,1,2,1,0,1,1,0,0,0,0,2
69490,5,0,1,2,2,0,1,1,0,0,1,0,1
89390,5,0,1,2,2,0,1,1,0,0,0,1,1
74990,0,0,1,2,1,2,1,1,0,0,0,0,1
64990,1,0,1,2,1,0,1,1,0,0,0,1,2
66490,1,0,1,0,1,0,1,1,0,0,2,0,2
89702,5,0,1,2,2,0,1,1,0,0,1,0,1
70990,1,0,1,2,2,0,1,1,0,0,1,0,2
58990,0,0,1,2,2,0,1,1,0,0,0,1,1
57500,1,0,1,0,1,0,1,1,0,0,1,0,1
79990,5,0,1,2,1,0,1,1,0,0,1,1,2
56541,6,0,1,0,1,0,1,1,0,0,0,0,2
59990,0,0,1,2,2,0,1,1,0,0,0,0,1
64990,1,0,1,2,2,0,1,1,0,0,0,0,2
61290,5,0,1,2,1,0,1,1,0,0,0,0,1
54990,1,0,1,2,1,0,1,1,0,0,0,0,2
59990,1,0,1,2,1,0,1,1,0,0,0,0,2
84990,0,0,1,2,1,0,1,1,0,1,3,0,3
72500,4,0,1,2,1,0,1,1,0,0,0,0,2
59990,1,0,1,2,1,0,1,1,0,0,2,0,1
87990,1,0,1,2,1,0,1,1,0,0,0,1,2
57990,4,0,1,2,1,0,1,1,0,0,0,0,2
69490,5,0,1,2,1,0,1,1,0,0,0,0,2
68990,1,0,1,2,1,0,1,1,0,0,0,1,2
77990,1,0,1,2,1,0,1,1,0,1,0,0,2
105990,0,0,1,2,1,2,1,1,0,0,0,1,2
79990,6,0,1,2,1,2,1,1,0,0,0,0,1
55490,5,0,1,2,1,0,1,1,0,0,0,0,2
69990,1,0,1,2,1,0,1,1,0,0,0,0,2
84990,0,0,1,2,1,0,1,1,0,0,0,1,2
59990,5,0,1,2,1,0,1,1,0,0,0,0,1
111890,5,0,1,0,1,2,1,1,0,0,0,0,1
65990,5,0,1,2,1,0,1,1,0,0,1,0,2
72990,0,0,1,2,1,2,1,1,0,1,0,0,2
71090,5,0,1,2,1,0,1,1,0,0,0,0,2
74990,6,0,1,2,1,0,1,1,0,0,2,0,1
79990,0,0,1,0,1,5,1,1,0,0,0,0,2
55490,6,0,1,2,1,0,1,1,0,0,0,0,2
66490,5,0,1,2,1,0,1,1,0,0,1,0,2
53400,0,0,1,2,1,0,1,1,0,0,0,0,2
74500,5,0,1,2,1,0,1,1,0,0,0,1,2
114990,5,0,1,2,1,2,1,1,0,0,0,0,1
61990,5,0,1,2,1,0,1,1,0,0,1,0,2
74990,6,0,1,2,1,0,1,1,0,0,2,0,1
56490,6,0,1,0,1,0,1,1,0,0,0,0,2
147000,1,0,1,0,1,0,1,1,0,0,0,0,1
55990,1,0,1,2,1,0,1,1,0,0,0,0,2
77990,4,0,1,2,1,0,1,1,0,0,2,0,1
106490,4,0,1,0,1,0,1,1,0,0,2,0,2
70990,1,0,1,2,1,0,1,1,0,1,1,0,2
64990,1,0,1,2,1,0,1,1,0,0,0,0,2
57990,2,0,1,2,1,0,1,1,0,0,0,0,1
64990,0,0,1,0,1,0,1,1,0,0,2,0,2
54990,6,0,1,0,1,0,1,1,0,0,0,0,2
111999,4,0,1,2,1,2,1,1,0,0,0,1,1
70798,1,0,1,0,1,2,1,1,0,0,1,0,2
59990,1,0,1,5,1,0,1,1,0,0,2,0,1
99500,2,0,1,4,1,0,1,1,0,0,2,0,1
55990,4,0,1,0,1,0,1,1,0,0,0,0,2
72990,0,0,1,4,1,5,1,1,0,0,0,0,2
64990,2,0,1,4,1,4,1,1,0,0,0,0,1
57990,0,0,1,2,1,0,1,1,0,0,0,0,1
76990,4,0,1,2,1,0,1,1,0,0,1,1,2
62998,1,0,1,2,1,0,1,1,0,0,0,0,2
77990,5,0,1,2,1,0,1,1,0,0,0,1,2
114990,4,0,1,0,1,0,1,1,0,0,0,1,2
65990,5,0,1,0,1,0,1,1,0,0,1,0,1
88990,5,0,1,2,1,0,1,1,0,0,1,0,1
113590,1,0,1,0,1,0,1,1,0,0,0,0,1
73990,0,0,1,2,1,2,1,1,0,0,0,1,2
61000,4,0,1,2,1,0,1,1,0,0,0,0,2
99990,0,0,1,2,1,2,1,1,0,0,0,1,2
67990,1,0,1,2,1,0,1,1,0,0,0,0,2
70799,5,0,1,2,1,0,1,1,0,0,0,1,2
65990,1,0,1,2,1,0,1,1,0,0,0,0,2
53690,0,0,1,4,1,0,1,1,0,0,0,0,2
55990,6,0,1,2,1,0,1,1,0,0,0,0,1
53190,0,0,1,2,1,0,1,1,0,0,0,0,2
58999,1,0,1,0,1,0,1,1,0,1,1,0,2
71990,5,0,1,2,1,0,1,1,0,0,1,0,1
82000,4,0,1,2,1,0,1,1,0,1,2,0,1
84990,0,0,1,2,1,2,1,1,0,0,0,0,1
89998,1,0,1,2,1,0,1,1,0,0,1,0,1
99990,0,0,1,2,1,2,1,1,0,0,0,1,1
69899,1,0,1,0,1,0,1,1,0,0,2,0,2
79990,5,0,1,0,1,0,1,1,0,0,2,0,1
76300,5,0,1,0,1,0,1,1,0,0,2,0,2
55999,1,0,1,0,1,0,1,1,0,0,0,0,1
72900,5,0,1,2,1,0,1,1,0,0,0,0,1
73990,5,0,1,2,1,0,1,1,0,0,0,1,2
84990,0,0,1,2,1,1,1,1,0,0,0,0,1
73519,5,0,1,2,1,0,1,1,0,1,1,0,1
126000,4,0,1,0,1,0,1,1,0,0,0,1,3
88990,0,0,1,2,1,0,1,1,0,0,3,0,1
114999,4,0,1,2,1,0,1,1,0,0,0,1,1
82990,5,0,1,2,1,0,1,1,0,0,1,1,2
109999,2,0,1,2,1,0,1,1,0,0,0,1,1
82990,1,0,1,2,1,0,1,1,0,0,0,1,1
79990,5,0,1,2,1,0,1,1,0,0,1,1,2
114990,0,0,1,2,1,2,1,1,0,0,0,1,1
129999,4,0,1,2,1,2,1,1,0,0,0,1,1
149990,6,0,1,4,1,3,1,1,0,1,3,0,2
71290,5,0,1,2,1,0,1,1,0,0,1,0,1
79500,5,0,1,0,1,0,1,1,0,0,0,0,2
82990,5,0,1,0,1,0,1,1,0,0,1,0,1
70980,5,0,1,2,1,0,1,1,0,0,1,0,2
94000,4,0,1,2,1,0,1,1,0,1,0,0,1
82990,5,0,1,2,1,0,1,1,0,0,1,1,2
79990,6,0,1,2,1,2,1,1,0,0,0,0,2
85990,0,0,1,4,1,0,1,1,0,0,0,0,1
86990,0,0,1,0,1,0,1,1,0,0,1,0,1
105990,0,0,1,0,1,5,1,1,0,0,1,0,3
84990,0,0,1,0,1,5,1,1,0,0,0,0,1
59999,1,0,1,4,1,0,1,1,0,0,1,0,2
91999,1,0,1,2,1,0,1,1,0,0,0,0,2
78900,5,0,1,2,1,0,1,1,0,0,0,1,1
132790,0,0,1,0,1,5,1,1,0,0,0,0,1
60990,1,0,1,2,1,0,1,1,0,0,2,0,1
65556,3,0,1,3,1,0,1,1,0,0,0,0,1
70190,5,0,1,2,2,0,1,1,0,0,0,0,1
79590,5,0,1,2,1,0,1,1,0,0,1,1,1
76990,0,0,1,2,1,0,1,1,0,0,2,0,1
44990,3,0,1,4,1,0,1,1,0,0,0,0,1
84990,0,0,1,2,1,0,1,1,0,0,0,1,1
86999,1,0,1,0,1,0,1,1,0,0,1,1,2
78000,4,0,1,2,2,0,1,1,0,0,1,0,2
73063,3,0,1,4,1,0,1,1,0,0,0,0,1
100990,4,0,1,2,2,0,1,1,0,0,2,0,1
74990,1,0,1,4,1,0,1,1,0,0,0,0,1
75990,0,0,1,0,1,0,1,1,0,0,2,0,2
84086,1,0,1,2,1,0,1,1,0,1,1,0,1
75990,0,0,1,2,1,0,4,1,0,0,2,0,2
77990,0,0,1,2,1,0,4,1,0,0,2,0,2
77990,0,0,1,0,1,0,4,1,0,0,2,0,2
82990,0,0,1,0,1,0,4,1,0,0,2,0,2
87990,0,0,1,2,1,0,4,1,0,0,2,0,1
84500,0,0,1,2,1,0,4,1,0,0,2,0,2
74190,5,0,1,2,1,2,4,1,0,0,0,0,2
64990,1,0,1,2,1,0,4,1,0,0,0,0,1
125394,1,0,1,0,1,0,1,2,0,0,0,1,1
49990,2,0,1,2,1,0,0,0,0,0,0,0,1
46990,2,0,1,2,1,0,0,0,0,0,0,0,1
48990,5,0,1,2,1,0,0,0,0,0,0,0,1
59999,2,0,1,4,1,0,0,0,0,0,1,0,2
46990,0,0,1,0,1,0,0,0,0,0,0,0,2
52990,6,0,1,0,1,0,0,0,0,0,2,0,2
57999,1,0,1,3,1,0,0,0,0,1,1,0,1
52490,1,0,1,6,1,4,0,0,0,0,0,0,1
56990,1,0,1,4,1,0,0,0,0,0,2,0,2
61990,2,0,1,4,1,0,0,0,0,0,1,0,2
58090,5,0,1,2,1,0,0,0,0,1,0,0,1
56990,0,0,1,0,1,0,0,0,0,0,0,0,1
61597,2,0,1,4,1,0,0,0,0,0,0,0,1
81990,0,0,1,4,1,0,0,0,0,0,0,0,1
61249,0,0,1,0,1,0,0,0,0,0,0,0,1
58990,5,0,1,2,1,0,0,0,0,1,0,0,1
83990,0,0,1,0,1,0,0,0,0,0,1,0,1
145990,6,0,1,0,1,1,0,2,1,1,3,0,2
64990,4,0,1,4,1,0,0,0,0,0,1,0,2
46790,4,0,1,4,1,0,0,0,0,0,0,0,2
44599,4,0,1,3,0,0,0,0,0,0,0,0,2
72964,2,0,1,4,1,0,0,0,0,0,1,0,2
48790,4,0,1,0,1,0,0,0,0,1,0,0,1
56491,2,0,1,0,1,0,0,0,0,0,1,0,1
50990,0,0,1,2,1,0,2,0,0,1,0,0,2
55990,0,0,1,0,1,0,2,0,0,0,2,0,2
57990,2,0,1,2,1,0,2,0,0,0,0,0,2
52990,0,0,1,2,1,0,2,0,0,0,0,0,1
57990,5,0,1,2,1,0,2,0,0,0,0,0,2
56990,2,0,1,2,1,0,2,0,0,0,0,0,2
55490,2,0,1,2,1,0,2,0,0,0,0,0,1
62490,5,0,1,2,1,0,2,0,0,0,1,0,1
64990,0,0,1,2,2,0,2,0,0,0,0,0,2
59990,1,0,1,2,1,0,2,0,0,0,1,0,2
60190,0,0,1,2,1,0,2,0,0,0,1,0,2
54490,0,0,1,5,1,0,2,0,0,0,2,0,2
60990,1,0,1,5,1,0,2,0,0,0,2,0,2
55790,5,0,1,2,0,0,2,0,0,0,0,0,2
64990,0,0,1,2,2,0,2,0,0,0,0,0,2
58990,0,0,1,2,2,0,2,0,0,0,0,0,2
54990,5,0,1,2,1,0,2,0,0,0,0,0,1
71990,4,0,1,2,1,0,2,0,0,0,2,0,2
69900,5,0,1,2,1,0,2,0,0,0,1,0,1
65990,1,0,1,2,1,0,2,0,0,0,1,0,2
49990,0,0,1,2,1,0,2,0,0,0,0,0,1
58990,5,0,1,2,1,0,2,0,0,0,0,0,2
74590,1,0,1,0,1,0,2,0,0,0,2,0,2
58990,0,0,1,0,1,0,2,0,0,1,1,0,3
64990,0,0,1,2,1,0,2,0,0,0,0,0,1
66490,5,0,1,2,1,0,2,0,0,0,1,0,1
77900,5,0,1,0,1,0,2,0,0,0,2,0,2
67490,5,0,1,2,1,0,2,0,0,0,1,0,1
61990,5,0,1,2,1,0,2,0,0,0,0,0,1
58990,5,0,1,2,1,0,2,0,0,0,0,0,2
74999,1,0,1,0,1,0,2,0,0,0,2,0,2
68900,0,0,1,2,1,0,2,0,0,0,0,0,3
71695,5,0,1,2,1,0,2,0,0,0,1,0,2
62490,2,0,1,2,2,0,2,0,0,0,0,0,1
62317,5,0,1,4,1,0,0,3,0,0,1,0,2
87990,5,0,4,4,2,0,2,1,0,0,2,0,2
73990,3,0,4,4,1,0,2,1,0,0,0,0,1
57990,0,0,4,0,2,0,1,1,0,0,0,0,2
61990,0,0,4,0,1,0,1,1,0,0,2,0,2
79990,6,0,4,0,2,0,1,1,0,0,2,0,2
68990,1,0,4,0,1,0,1,1,0,0,2,0,2
85990,1,0,4,2,2,0,1,1,0,0,0,1,2
99990,1,0,4,2,2,0,1,1,0,0,2,0,2
77990,0,0,4,2,1,0,1,1,0,0,0,0,2
79990,1,0,4,2,1,0,1,1,0,0,2,0,2
93190,4,0,4,2,2,0,1,1,0,0,2,0,3
94990,0,0,4,2,2,2,1,1,0,0,0,0,1
84990,1,0,4,2,2,0,1,1,0,0,0,1,2
57990,6,0,4,0,1,0,1,1,0,0,0,0,2
102990,4,0,4,2,2,0,1,1,0,0,0,1,2
99990,5,0,4,2,2,0,1,1,0,0,2,0,1
94990,0,0,4,2,2,0,1,1,0,0,2,0,2
104000,4,0,4,2,2,0,1,1,0,0,0,1,1
76990,6,0,4,2,2,0,1,1,0,0,1,0,1
90190,4,0,4,2,2,0,1,1,0,0,2,0,2
88488,1,0,4,2,2,0,1,1,0,1,0,1,1
109990,6,0,4,0,2,0,1,1,0,0,2,0,2
86990,6,0,4,2,2,0,1,1,0,0,2,0,1
89990,6,0,4,2,2,2,1,1,0,0,0,0,1
78990,0,0,4,2,2,0,1,1,0,0,1,0,2
121890,5,0,4,4,2,4,1,1,0,0,0,0,4
85990,0,0,4,4,2,5,1,1,0,0,0,0,2
94990,6,0,4,2,2,0,1,1,0,0,2,0,1
92000,4,0,4,2,2,0,1,1,0,0,2,0,2
135300,5,0,4,2,2,2,1,1,0,0,0,0,3
64990,6,0,4,2,2,0,1,1,0,0,0,0,2
109190,5,0,4,0,2,0,1,1,0,0,0,1,1
99999,4,0,4,2,2,0,1,1,0,0,0,1,1
104990,6,0,4,0,2,0,1,1,0,0,1,0,2
109990,0,0,4,2,2,2,1,1,0,0,0,1,1
99990,0,0,4,4,2,4,1,1,0,0,0,0,2
94990,0,0,4,2,2,2,1,1,0,0,0,0,1
86000,1,0,4,4,2,0,1,1,0,0,0,0,1
119599,4,0,4,2,2,0,1,1,0,1,0,0,1
110999,1,0,4,2,2,0,1,1,0,1,0,0,1
81990,0,0,4,4,1,5,1,1,0,0,0,0,2
66990,6,0,4,5,1,0,1,1,0,0,2,0,2
84990,6,0,4,0,2,0,4,1,0,0,3,0,2
104990,0,0,4,2,2,2,4,1,0,0,1,1,1
134990,0,0,4,2,2,2,4,1,0,0,0,1,1
98990,0,0,4,2,2,0,4,1,0,0,2,0,2
144690,4,0,4,0,2,0,4,1,0,0,3,0,2
99990,0,0,4,2,2,2,4,1,0,0,0,0,1
119990,6,0,4,2,2,0,4,1,0,0,3,0,2
124990,0,0,4,0,2,5,4,1,0,0,1,0,2
122410,5,0,4,2,2,0,4,1,0,0,1,0,1
122990,1,0,4,2,2,2,4,1,0,0,0,0,1
121990,4,0,4,2,2,0,4,1,0,0,2,0,1
116990,4,0,4,2,2,0,4,1,0,0,2,0,1
151098,1,0,4,2,2,0,4,1,0,0,3,0,2
129990,6,0,4,2,2,0,4,1,0,0,4,0,2
149999,4,0,4,2,2,2,4,1,0,0,0,1,1
139990,6,0,4,7,2,0,4,1,0,0,3,0,2
129990,2,0,4,2,2,0,4,1,0,0,3,0,2
93955,5,0,4,2,2,0,4,1,0,0,1,0,2
128500,4,0,4,2,2,2,4,1,0,0,0,1,1
102990,1,0,4,2,2,0,4,1,0,0,0,1,2
119990,0,0,4,2,2,2,4,1,0,0,0,1,2
120980,0,0,4,2,2,0,4,1,0,1,3,0,1
131500,0,0,4,2,2,0,4,1,0,0,3,0,1
119990,1,0,4,0,2,2,4,1,0,0,0,0,0
62990,3,0,4,0,2,0,4,1,0,0,0,0,1
85990,1,0,4,2,2,1,4,1,0,0,0,0,1
94990,4,0,4,2,2,0,4,1,0,0,1,0,1
136990,4,0,4,2,2,0,4,1,0,0,3,0,1
93990,0,0,4,0,2,0,0,0,0,0,1,0,1
116941,4,0,4,4,2,0,3,0,0,0,2,0,1
63990,6,0,4,0,1,0,2,0,0,0,2,0,2
66990,0,0,4,0,2,0,2,0,0,0,2,0,2
82500,0,0,4,2,2,0,2,0,0,1,0,0,1
119990,2,0,4,0,2,0,2,0,0,0,3,0,2
98912,0,0,4,4,2,0,2,0,0,0,0,0,1
92990,2,0,4,2,2,0,1,0,0,0,2,0,2
119990,2,0,4,2,2,0,1,0,0,1,3,0,2
139990,2,0,5,2,2,0,4,1,0,0,3,0,1
139990,0,0,5,2,2,0,4,1,0,0,3,0,1
86990,6,0,1,0,1,1,0,2,1,1,2,0,2
109990,6,0,1,0,1,1,0,2,1,1,3,0,2
109590,6,0,1,0,1,1,0,2,1,1,2,0,2
146490,0,0,4,0,2,2,0,2,1,1,3,0,1
85990,7,2,6,0,1,0,2,1,2,0,0,0,2
112990,7,2,6,0,1,0,2,1,2,0,0,0,2
104990,7,2,6,0,2,0,2,1,2,0,0,0,2
132990,7,2,6,0,2,0,2,1,2,0,0,0,2
149990,7,2,6,0,2,0,1,1,2,0,0,0,2
125990,7,2,6,0,1,0,1,1,2,0,0,0,2
103990,7,2,6,0,1,0,1,1,2,0,0,0,2
101990,7,2,6,0,1,0,1,1,2,0,0,0,2
104990,7,2,6,0,1,0,1,1,2,0,0,0,2
131990,7,2,6,0,1,0,1,1,2,0,0,0,2
128990,7,2,6,0,2,0,1,1,2,0,0,0,2
124990,7,2,6,0,0,0,1,1,2,0,0,0,2
149990,7,2,6,0,1,0,4,1,2,0,0,0,2
45990,0,0,7,1,0,2,0,2,0,0,0,0,1
58100,0,0,7,1,0,0,3,1,0,1,0,1,1
62990,0,0,7,1,1,2,2,1,0,0,0,1,1
32990,4,0,7,1,1,0,2,1,0,0,0,0,2
33990,0,0,7,1,0,0,2,1,0,0,0,0,2
30990,2,0,7,1,0,0,2,1,0,0,0,0,2
36000,5,0,7,1,0,0,2,1,0,0,0,0,2
32990,0,0,7,1,0,0,2,1,0,0,0,0,2
35990,5,0,7,1,0,0,2,1,0,0,0,0,1
27990,0,0,7,1,0,1,0,0,0,0,0,0,1
25990,0,0,7,1,0,0,0,0,0,0,0,0,1
25990,0,0,7,1,0,0,0,0,0,0,0,0,1
30780,0,0,7,1,0,0,0,0,0,0,0,0,1
37990,4,1,8,1,1,0,2,1,0,0,0,0,2
35990,0,1,8,1,1,0,2,1,0,0,0,0,2
39490,5,1,8,1,1,0,2,1,0,0,0,0,2
36990,5,1,8,1,1,0,2,1,0,0,0,0,2
39990,5,1,8,1,1,0,2,1,0,0,0,0,2
33690,0,1,8,1,0,0,2,1,0,0,0,0,2
40590,5,1,8,1,1,0,2,1,0,0,0,0,1
37990,0,1,8,1,0,0,2,1,0,0,0,0,2
34500,0,1,8,1,0,0,2,1,0,0,0,0,2
36990,2,1,8,1,1,0,1,1,0,0,0,0,2
43490,4,1,8,1,1,0,1,1,0,0,0,0,2
41490,4,1,8,1,1,0,1,1,0,0,0,0,2
34990,2,1,8,1,0,0,1,1,0,0,0,0,1
44490,4,1,8,1,0,0,1,1,0,0,0,0,2
40590,5,1,8,1,0,0,1,1,0,0,0,0,1
42090,5,1,8,1,1,0,1,1,0,0,0,0,1
35990,5,1,8,1,1,0,0,0,0,0,0,0,2
39490,4,1,8,1,1,0,0,0,0,0,0,0,2
37390,5,1,8,1,1,0,0,0,0,0,0,0,2
52632,5,1,8,1,0,0,0,0,0,0,0,0,1
39990,5,1,8,1,0,0,0,0,0,0,0,0,2
43990,5,1,8,1,0,0,0,0,0,0,0,0,1
32917,4,1,8,1,0,0,0,0,0,0,0,0,2
34990,1,1,8,1,0,0,0,0,0,0,0,0,1
39990,5,1,8,1,1,0,0,0,0,0,0,0,1
41999,4,1,8,1,1,0,2,0,0,0,0,0,2
41990,5,1,3,1,1,0,2,1,0,0,0,0,2
44490,5,1,3,1,1,0,2,1,0,0,0,0,2
41990,5,1,3,1,1,0,2,1,0,0,0,0,2
44490,5,1,3,1,1,0,2,1,0,0,0,0,2
49990,6,1,3,1,0,0,2,1,0,0,0,0,1
44390,5,1,3,1,0,0,2,1,0,0,0,0,2
57990,4,1,3,1,1,0,1,1,0,0,2,0,2
56990,1,1,3,1,1,0,1,1,0,0,2,0,2
48990,1,1,3,1,1,0,1,1,0,0,0,0,2
49970,4,1,3,1,1,0,1,1,0,0,0,0,2
47990,6,1,3,1,1,0,1,1,0,0,0,0,2
48990,4,1,3,1,1,0,1,1,0,0,0,0,2
53990,2,1,3,1,1,2,1,1,0,0,0,0,2
52990,1,1,3,1,1,0,1,1,0,0,0,0,2
43990,2,1,3,1,1,0,1,1,0,0,0,0,1
59490,1,1,3,1,1,0,1,1,0,0,2,0,2
64990,6,1,3,1,1,0,1,1,0,0,2,0,2
47490,5,1,3,1,1,0,1,1,0,0,0,0,0
59990,4,1,3,1,1,0,1,1,0,0,2,0,2
69990,1,1,3,1,1,0,1,1,0,0,2,0,2
58990,4,1,3,1,1,0,1,1,0,0,2,0,2
59490,5,1,3,1,1,0,1,1,0,0,0,0,2
67500,4,1,3,1,2,0,1,1,0,0,0,0,2
48990,4,1,3,1,1,0,1,1,0,1,0,0,2
62450,0,1,3,1,1,0,1,1,0,0,0,1,2
58990,0,1,3,1,1,0,1,1,0,0,0,0,2
57999,4,1,3,1,1,0,1,1,0,0,0,0,2
56990,0,1,3,1,2,0,1,1,0,0,0,0,2
72990,4,1,3,1,1,0,1,1,0,0,2,0,2
65990,4,1,3,1,2,0,1,1,0,0,0,0,2
98020,4,1,3,1,2,0,1,1,0,0,0,1,1
63990,4,1,3,1,2,0,1,1,0,0,1,0,2
49890,0,1,3,1,1,0,1,1,0,1,0,0,2
49990,5,1,3,1,1,0,1,1,0,0,0,0,2
59490,5,1,3,1,1,0,1,1,0,0,0,0,1
73999,4,1,3,1,1,0,1,1,0,0,0,1,2
60990,5,1,3,1,0,0,1,1,0,0,0,0,2
76190,5,1,3,1,0,0,1,1,0,0,3,0,2
74798,1,1,3,1,0,2,1,1,0,0,0,1,1
58990,0,1,3,1,0,0,1,1,0,0,0,0,2
68100,4,1,3,1,0,0,1,1,0,1,2,0,1
77990,1,1,3,1,0,0,1,1,0,0,0,1,1
55090,4,1,3,1,0,0,1,1,0,0,0,0,2
91990,0,1,3,1,0,2,1,1,0,0,0,1,1
84208,4,1,3,1,0,0,1,1,0,0,0,0,1
44990,2,1,3,1,0,0,1,1,0,0,0,0,2
53490,4,1,3,1,0,0,1,1,0,0,0,0,2
76498,1,1,3,1,0,0,1,1,0,0,2,0,1
98920,5,1,3,1,0,0,1,1,0,0,2,0,1
54990,6,1,3,1,0,0,1,1,0,0,0,0,2
49990,2,1,3,1,0,0,1,1,0,0,0,0,2
52380,4,1,3,1,0,0,1,1,0,1,0,0,1
49990,2,1,3,1,0,0,1,1,0,0,0,0,2
52500,4,1,3,1,0,0,1,1,0,0,0,0,2
49990,0,1,3,1,0,0,1,1,0,0,0,0,2
75999,2,1,3,1,0,0,1,1,0,0,0,0,1
80990,0,1,3,1,0,0,1,1,0,0,0,0,1
59900,1,1,3,1,0,0,1,1,0,1,0,0,1
54590,4,1,3,1,0,0,1,1,0,0,0,0,2
75500,5,1,3,1,0,0,1,1,0,0,0,1,1
51890,4,1,3,1,1,0,1,1,0,0,0,0,2
78000,0,1,3,1,2,0,1,1,0,0,0,0,0
59999,4,1,3,1,2,0,1,1,0,0,0,0,2
64990,4,1,3,1,1,0,1,1,0,0,2,0,1
57900,5,1,3,1,0,0,4,1,0,1,0,0,2
81978,1,1,3,1,0,2,4,1,0,0,0,1,1
59990,4,1,3,1,0,0,0,0,0,0,2,0,2
49490,5,1,3,1,1,0,2,0,0,0,0,0,2
54990,0,1,3,1,1,0,2,0,0,0,0,0,2
68500,1,1,3,1,1,0,2,0,0,0,2,0,2
54990,0,1,3,1,1,0,2,0,0,0,0,0,2
54990,0,1,3,1,1,0,2,0,0,1,0,0,2
63990,1,1,3,1,1,0,2,0,0,0,0,0,2
80000,4,1,3,1,0,0,2,0,0,0,2,0,2
51990,5,1,3,1,0,0,2,0,0,1,0,0,1
62990,0,1,3,1,0,0,2,0,0,0,0,0,2
52990,4,1,3,1,0,0,2,0,0,0,0,0,2
75100,0,1,3,1,0,0,2,0,0,0,0,0,1
76990,0,1,9,1,2,0,1,1,0,1,2,0,2
79990,0,1,9,1,2,0,1,1,0,0,2,0,1
71990,0,1,9,1,1,0,1,1,0,0,2,0,2
71990,0,1,9,1,1,0,1,1,0,0,2,0,2
99990,1,1,9,1,2,0,1,1,0,0,2,0,2
79990,0,1,9,1,2,0,1,1,0,0,0,0,1
93990,5,1,9,1,2,0,1,1,0,0,2,0,1
82990,0,1,9,1,2,0,1,1,0,0,2,0,2
106990,0,1,9,1,0,3,1,1,0,0,2,0,1
92990,0,1,9,1,0,0,1,1,0,0,0,0,2
81490,1,0,9,1,0,0,1,1,0,1,2,0,1
56990,0,1,9,1,0,0,1,1,0,0,0,0,1
64990,6,1,9,1,0,0,1,1,0,0,0,0,1
60990,1,1,9,1,0,0,1,1,0,0,0,0,2
84988,1,1,9,1,0,0,1,1,0,0,2,0,1
90990,4,1,9,1,0,0,1,1,0,0,2,0,2
63990,0,1,9,1,0,0,1,1,0,0,0,0,2
63990,1,1,9,1,0,0,1,1,0,0,0,0,2
57999,4,1,9,1,0,0,1,1,0,0,0,0,2
72400,0,1,9,1,0,0,1,1,0,1,2,0,1
78990,1,1,9,1,0,0,1,1,0,0,0,1,2
59990,2,1,9,1,0,0,1,1,0,0,0,0,1
111990,0,1,9,1,0,3,1,1,0,1,2,0,1
109000,4,1,9,1,0,0,1,1,0,1,0,1,1
89990,5,1,9,1,0,0,1,1,0,0,3,0,2
78988,1,1,9,1,0,0,1,1,0,0,0,1,1
73138,1,1,9,1,0,0,1,1,0,0,2,0,1
106990,1,1,9,1,0,0,1,1,0,0,2,0,1
79990,0,1,9,1,0,0,1,1,0,1,2,0,1
89570,5,1,9,1,0,0,1,1,0,0,0,1,1
68500,4,1,9,1,0,0,1,1,0,0,0,0,2
73400,1,1,9,1,2,0,1,1,0,0,0,0,1
79990,4,1,9,1,2,0,1,1,0,0,1,0,1
84990,4,1,9,1,2,0,1,1,0,0,2,0,0
99990,6,1,9,1,2,0,4,1,0,0,4,0,2
72990,0,1,9,1,1,2,4,1,0,0,2,0,2
92990,4,1,9,1,2,0,4,1,0,0,0,1,1
84190,4,1,9,1,2,0,4,1,0,0,0,0,1
112990,0,1,9,1,2,2,4,1,0,0,0,1,1
114990,0,1,9,1,0,3,4,1,0,1,2,0,1
99990,2,1,9,1,0,0,4,1,0,0,2,0,1
95990,0,1,9,1,0,0,4,1,0,1,2,0,2
76990,0,1,9,1,0,0,4,1,0,0,0,0,1
130990,1,1,9,1,0,0,4,1,0,0,3,0,1
99990,0,1,9,1,0,0,4,1,0,0,0,0,1
112990,0,1,9,1,0,3,4,1,0,0,2,0,1
77988,1,1,9,1,0,0,4,1,0,0,0,0,1
76000,0,1,9,1,0,0,4,1,0,0,0,0,3
99990,0,1,9,1,0,2,4,1,0,0,2,1,2
111000,0,1,9,1,0,0,4,1,0,0,0,0,1
84970,0,1,9,1,2,2,4,1,0,0,0,0,1
75990,4,1,9,1,2,0,2,0,0,0,2,0,2
89990,2,1,9,1,2,0,2,0,0,0,3,0,2
81990,2,1,9,1,2,0,2,0,0,0,2,0,2
80490,1,1,9,1,0,0,1,0,0,1,0,0,1
135990,0,1,10,1,2,0,4,1,0,0,3,0,1
114990,0,1,10,1,2,0,4,1,0,0,2,0,2
129990,0,1,10,1,2,0,4,1,0,0,3,0,2
114990,0,1,10,1,2,2,4,1,0,0,2,1,2
146990,6,1,10,1,0,0,4,1,0,0,0,0,1
104990,0,1,10,1,0,0,4,1,0,0,0,0,2
114990,0,1,10,1,0,2,4,1,0,0,2,1,2
124990,0,1,10,1,0,2,4,1,0,0,2,1,3
134990,0,1,10,1,0,2,4,1,0,0,0,1,1
141990,4,1,10,1,0,0,4,1,0,0,4,0,1
129990,0,1,10,1,0,0,4,1,0,0,0,0,1
142990,0,1,10,1,0,2,4,1,0,0,2,1,2
121990,0,1,10,1,0,0,4,1,0,0,0,0,1
124990,0,1,10,1,0,2,4,1,0,0,2,1,2
141990,0,1,10,1,0,0,4,1,0,0,3,0,2
130500,0,1,10,1,0,0,4,1,0,0,0,0,1
116990,0,1,10,1,0,0,4,1,0,0,2,0,1
138990,0,1,10,1,0,0,4,1,0,1,3,0,1
135990,0,1,10,1,0,0,4,1,0,0,0,0,1
144990,0,1,10,1,0,0,4,1,0,0,0,0,1
149990,0,1,10,1,0,0,4,1,0,0,2,0,1
142990,0,1,10,1,0,0,4,1,0,0,2,0,1
57490,1,1,3,0,1,0,1,1,1,0,0,0,2
